<?xml version="1.0" encoding="utf-8" ?>
<!--
  Copyright 2019 Ecosoft Co., Ltd.
  License LGPL-3.0 or later (https://www.gnu.org/licenses/lgpl.html).-->
<odoo>
    <record id="delivery_request_form_report_xlsx_template" model="xlsx.template">
        <field name="res_model">stock.picking</field>
        <field name="fname">delivery_request_form.xlsx</field>
        <field name="name">配送作業依頼書</field>
        <field name="description">Delivery Request Form Report Excel</field>
        <field name="export_action_id" eval="ref('action_delivery_request_form_export_xlsx')" />
        <field name="input_instruction">
            {
                '__EXPORT__': {
                    '配送作業依頼書': {
                        '_HEAD_': {
                            'C2': 'stock_picking_company_name${value or ""}',
                            'B3': 'sale_id.name${value or ""}',
                            'B5': 'stock_picking_scheduled_date${value or ""}',
                            'B6': 'stock_picking_shiratani_entry_date${value or ""}',
                            'B8': 'sale_id.title${value or ""}',
                            'B9': 'stock_picking_partner_info${value or ""}',
                            'B11': 'stock_picking_partner_address${value or ""}',
                            'B12': 'stock_picking_partner_tel_phone${value or ""}',
                            'B14': 'stock_picking_sipping_to${value or ""}',
                            'B15': 'sale_id.waypoint.name${value or ""}',
                            'B16': 'sale_id.shipping_to_text${value or ""}',
                            'B17': 'sale_id.forwarding_address_zip${value or ""}',
                            'D14': 'sale_id.forwarding_address${value or ""}',
                            'B19': 'stock_picking_witness_name_phone${value or ""}',
                            'G15': 'note${value or ""}',
                            'I1': 'stock_picking_current_date${value or ""}',
                            'I3': 'sale_orders.hr_employee_company${value or ""}',
                            'I4': 'sale_orders.hr_employee_department${value or ""}',
                            'I5': 'sale_orders.hr_employee_zip${value or ""}',
                            'I6': 'sale_orders.hr_employee_info${value or ""}',
                            'I7': 'sale_orders.hr_employee_tel${value or ""}',
                            'I8': 'sale_orders.hr_employee_fax${value or ""}',
                            'I9': 'sale_orders.hr_employee_printer${value or ""}',
                            'I19': 'sale_id.amount_untaxed${value or ""}',
                            'I20': 'sale_id.name${value or ""}',
                        },
                        'stock_move':{
                            'A23':'stock_index${value or ""}#{style=text;fill=grey}',
                            'B23':'product_name${value or ""}#{style=text;fill=grey}',
                            'C23':'product_number_and_size#{style=text;fill=grey}',
                            'D23':'product_attribute#{style=text;fill=grey}',
                            'E23': 'product_uom_qty${value or 0}#{style=number;fill=grey}',
                            'F23': 'packages_number${value or 0}#{style=number;fill=grey}',
                            'G23': 'action_packages#{style=text;fill=grey}',
                            'H23': 'action_assemble#{style=text;fill=grey}',
                            'I23': '${value or ""}#{style=text;fill=grey}',
                        }
                    }
                }
            }
        </field>
    </record>

    <function model="xlsx.template" name="load_xlsx_template">
        <value eval="[ref('delivery_request_form_report_xlsx_template')]" />
    </function>
</odoo>
