<?xml version="1.0" encoding="utf-8" ?>
<!--
  Copyright 2019 Ecosoft Co., Ltd.
  License LGPL-3.0 or later (https://www.gnu.org/licenses/lgpl.html).-->
<odoo>
    <record id="unit_price_quotation_report_xlsx_template" model="xlsx.template">
        <field name="res_model">sale.order</field>
        <field name="fname">unit_price_quotation.xlsx</field>
        <field name="name">単価御見積書</field>
        <field name="description">Unit Price Quotation Report Excel</field>
        <field name="export_action_id" eval="ref('action_unit_price_quotation_export_xlsx')" />
        <field name="input_instruction">
            {
                '__EXPORT__': {
                    '単価御見積書': {
                        '_HEAD_': {
                            'A2': 'send_to_company${value or ""}',
                            'A3': 'send_to_people${value or ""}',
                            'B9': 'title${value or ""}',
                            'E3': 'sale_order_preferred_delivery_date${value or ""}',
                            'E4': 'workdays${value or ""}',
                            'E5': 'sale_order_date_deadline${value or ""}',
                            'E6': 'payment_term_id.name${value or ""}',
                            'E7': 'forwarding_address${value or ""}',
                            'E9': 'sale_order_validity_date${value or ""}',
                            'E10': 'special_note${value or ""}',
                            'H1': 'sale_order_current_date',
                            'H3': 'sale_order_hr_employee${value or ""}',
                            'I14': 'name${value or ""}'
                        },
                        'list_order_line': {
                            'A17': 'sale_order_index${value or ""}#{style=text;fill=grey}',
                            'B17': 'sale_order_name${value or ""}#{style=text;fill=grey}',
                            'C17': 'sale_order_number_and_size#{style=text;fill=grey}',
                            'D17': 'sale_order_product_detail#{style=text;fill=grey}',
                            'E17': 'product_uom_qty${value or 0}#{style=number;fill=grey}',
                            'F17': 'price_unit${value or 0}#{style=number;fill=grey}',
                            'G17': 'sale_order_line_discount${value or 0}#{style=number;fill=grey}',
                            'H17': 'sale_order_sell_unit_price${value or 0}#{style=number;fill=grey}',
                            'I17': 'price_subtotal${value or 0}#{style=number;fill=grey}',
                        }
                    }
                }
            }
        </field>
    </record>

    <function model="xlsx.template" name="load_xlsx_template">
        <value eval="[ref('unit_price_quotation_report_xlsx_template')]" />
    </function>
</odoo>
