<?xml version="1.0" encoding="utf-8" ?>
<!--
  Copyright 2019 Ecosoft Co., Ltd.
  License LGPL-3.0 or later (https://www.gnu.org/licenses/lgpl.html).-->
<odoo>
    <record id="invoice_report_xlsx_template" model="xlsx.template">
        <field name="res_model">account.move</field>
        <field name="fname">invoice.xlsx</field>
        <field name="name">請求書</field>
        <field name="description">Invoice Report Excel</field>
        <field name="export_action_id" eval="ref('action_invoice_export_xlsx')" />
        <field name="input_instruction">
            {
                '__EXPORT__': {
                    '請求書': {
                        '_HEAD_': {
                            'A3': 'send_to_company${value or ""}',
                            'A4': 'send_to_people${value or ""}',
                            'H9': 'printing_staff${value or ""}',
                            'B9': 'amount_untaxed${value or ""}',
                            'B10':'amount_tax${value or 0}',
                            'B11':'amount_total${value or ""}',
                            'E3': 'acc_move_invoice_date_due${value or ""}',
                            'E10': 'partner_id.street${value or ""}',
                            'E11':'narration${value or ""}',
                            'H1': 'acc_move_current_date',
                            'G13': 'amount_total${value or ""}',
                            'I13': 'amount_untaxed${value or ""}',
                            'I14': 'acc_move_invoice_name${value or ""}'
                        },
                        'sale_order':{
                            'B7':'title${value or ""}',
                            'E4': 'payment_term_id.name${value or ""}',
                            'E9': 'sale_order_preferred_delivery_date${value or ""}',
                        },
                        'account_move_line':{
                            'A17': 'acc_line_index${value or ""}#{style=text;fill=grey}',
                            'B17': 'acc_line_name${value or ""}#{style=text;fill=grey}',
                            'C17': 'acc_line_number_and_size#{style=text;fill=grey}',
                            'D17': 'acc_line_product_detail#{style=text;fill=grey}',
                            'E17': 'quantity${value or 0}#{style=number;fill=grey}',
                            'F17': 'price_unit${value or 0}#{style=number;fill=grey}',
                            'G17': 'acc_line_discount${value or 0}#{style=number;fill=grey}',
                            'H17': 'acc_line_sell_unit_price${value or 0}#{style=number;fill=grey}',
                            'I17': 'price_subtotal${value or 0}#{style=number;fill=grey}',
                        },
                    }
                }
            }
        </field>
    </record>

    <function model="xlsx.template" name="load_xlsx_template">
        <value eval="[ref('invoice_report_xlsx_template')]" />
    </function>
</odoo>
