<?xml version="1.0" encoding="utf-8"?>
<!--
  Copyright 2019 Ecosoft Co., Ltd.
  License LGPL-3.0 or later (https://www.gnu.org/licenses/lgpl.html).-->
<odoo>
    <record id="stock_move_container_export_xlsx" model="ir.actions.act_window">
        <field name="name">Export Shipping Instruction</field>
        <field name="res_model">export.xlsx.wizard</field>
        <field name="binding_view_types">form</field>
        <field name="binding_model_id" ref="stock_move_container.model_stock_move_container" />
        <field name="view_mode">form</field>
        <field name="target">new</field>
        <field name="context">
            {
            'template_domain': [('res_model', '=', 'stock.move.container'),
            ('fname', '=', 'shipping_instruction.xlsx'),
            ('gname', '=', False)],
            }
        </field>
    </record>
    <menuitem
        id="menu_report_quotation"
        parent="excel_import_export.menu_excel_import_export"
        action="action_quotation_export_xlsx"
        sequence="10"
    />
</odoo>
