<?xml version="1.0" encoding="utf-8" ?>
<!--
  Copyright 2019 Ecosoft Co., Ltd.
  License LGPL-3.0 or later (https://www.gnu.org/licenses/lgpl.html).-->
<odoo>
    <record id="stock_move_container_report_xlsx_template" model="xlsx.template">
        <field name="res_model">stock.move.container</field>
        <field name="fname">shipping_instruction.xlsx</field>
        <field name="name">SHIPPING INSTRUCION</field>
        <field name="description">Stock Move Container Report Excel</field>
        <field name="export_action_id" eval="ref('stock_move_container_export_xlsx')" />
        <field name="input_instruction">
            {
                '__EXPORT__': {
                    'SHIPPING INSTRUCTION': {
                        '_HEAD_': {
                            'B22':'note_eng',
                            'B25':'pallet_count'
                        },
                        'pallet_ids':{
                            'A27':'stock_pallet_index#{fill=light_grey}',
                            'B27':'pallet_name_and_product#{fill=light_grey}',
                            'C27':'blank_cell1#{fill=light_grey}',
                            'D27':'blank_cell2#{fill=light_grey}',
                            'E27':'blank_cell3#{fill=light_grey}',
                            'F27':'blank_cell4#{fill=light_grey}',
                            'G27':'blank_cell5#{fill=light_grey}',
                            'H27':'blank_cell6#{fill=light_grey}',
                        }
                    }
                }
            }
        </field>
    </record>
    <function model="xlsx.template" name="load_xlsx_template">
        <value eval="[ref('stock_move_container_report_xlsx_template')]" />
    </function>
</odoo>
