<?xml version="1.0" encoding="utf-8" ?>
<!--
  Copyright 2019 Ecosoft Co., Ltd.
  License LGPL-3.0 or later (https://www.gnu.org/licenses/lgpl.html).-->
<odoo>
    <record id="ship_order_report_xlsx_template" model="xlsx.template">
        <field name="res_model">stock.picking</field>
        <field name="fname">ship_order.xlsx</field>
        <field name="name">出荷依頼書</field>
        <field name="description">Ship Order Report Excel</field>
        <field name="export_action_id" eval="ref('action_ship_order_export_xlsx')" />
        <field name="input_instruction">
            {
                '__EXPORT__': {
                    '出荷依頼書': {
                        '_HEAD_': {
                            'C2': 'stock_picking_company_name${value or ""}',
                            'B3': 'sale_id.name${value or ""}',
                            'B5': 'stock_estimated_shipping_date${value or ""}',
                            'B6': 'stock_scheduled_date${value or ""}',
                            'B9': 'sale_id.title${value or ""}',
                            'B10': 'stock_picking_partner_info${value or ""}',
                            'B11': 'sale_id.partner_id.commercial_company_name${value or ""}',
                            'B12': 'stock_picking_partner_address${value or ""}',
                            'B13': 'sale_id.partner_id.phone${value or ""}', 
                            'H2': 'check_oversea${value or ""}',
                            'H12': 'note${value or ""}',
                            'I10': 'stock_printing_staff${value or ""}',
                            'I1': 'stock_picking_current_date${value or ""}',
                            'I4': 'sale_orders.hr_employee_company${value or ""}',
                            'I5': 'sale_orders.hr_employee_department${value or ""}',
                            'I6': 'sale_orders.hr_employee_zip${value or ""}',
                            'I7': 'sale_orders.hr_employee_info${value or ""}',
                            'I8': 'sale_orders.hr_employee_tel${value or ""}',
                            'I9': 'sale_orders.hr_employee_fax${value or ""}',
                            'I10': 'sale_orders.hr_employee_printer${value or ""}',
                            'I15': 'sale_id.amount_untaxed${value or ""}',
                            'I16': 'sale_id.name${value or ""}',
                        },
                        'stock_move':{
                            'A20':'stock_index${value or ""}#{style=text;fill=grey}',
                            'B20':'product_name${value or ""}#{style=text;fill=grey}',
                            'C20':'product_number_and_size#{style=text;fill=grey}',
                            'D20':'product_attribute#{style=text;fill=grey}',
                            'E20': 'product_uom_qty${value or ""}#{style=number;fill=grey}',
                            'F20': 'packages_number${value or ""}#{style=number;fill=grey}',
                            'G20': 'stock_sai#{style=text;fill=grey}',
                            'H20': 'stock_warehouse#{style=text;fill=grey}',
                            'I20': 'stock_shiratani_date#{style=text;fill=grey}',
                        }
                    }
                }
            }
        </field>
    </record>

    <function model="xlsx.template" name="load_xlsx_template">
        <value eval="[ref('ship_order_report_xlsx_template')]" />
    </function>
</odoo>
