<?xml version="1.0" encoding="utf-8" ?>
<!--
  Copyright 2019 Ecosoft Co., Ltd.
  License LGPL-3.0 or later (https://www.gnu.org/licenses/lgpl.html).-->
<odoo>
    <record id="purchase_order_for_part_report_xlsx_template" model="xlsx.template">
        <field name="res_model">purchase.order</field>
        <field name="fname">purchase_order_for_part.xlsx</field>
        <field name="name">発注書(部材用）</field>
        <field name="description">Purchase Order Sheet Report Excel</field>
        <field name="export_action_id" eval="ref('action_purchase_order_for_part_export_xlsx')" />
        <field name="input_instruction">
            {
                '__EXPORT__': {
                    '発注書(部材用）': {
                        '_HEAD_': {
                            'C1': 'purchase_order_company${value or ""}',
                            'B5': 'name${value or ""}',
                            'B7': 'purchase_line_date_planned${value or ""}',
                            'B8': 'purchase_line_date_order${value or ""}',
                            'B11': 'picking_type_id.warehouse_id.name${value or ""}',
                            'B12': 'picking_type_id.warehouse_id.partner_id.street${value or ""}',
                            'B13': 'purchase_order_address_zip_city${value or ""}',
                            'B14':  'picking_type_id.warehouse_id.partner_id.country_id.name${value or ""}',
                            'B15': 'picking_type_id.warehouse_id.partner_id.phone${value or ""}',
                            'H1': 'purchase_order_current_date${value or ""}',
                            'H9': 'purchase_order_printing_staff${value or ""}',
                            'H15': 'amount_untaxed${value or ""}',
                        },
                        'purchase_order_line': {
                            'A19': 'purchase_order_index${value or ""}#{style=text;fill=grey}',
                            'B19': 'name${value or ""}#{style=text;fill=grey}',
                            'C19': 'purchase_order_product_detail#{style=text;fill=grey}',
                            'D19': 'product_uom_qty${value or 0}#{style=number;fill=grey}',
                            'E19': 'purchase_order_text_piece_leg#{style=number;fill=grey}',
                            'G19': 'price_subtotal${value or 0}#{style=number;fill=grey}',
                            'F19': 'purchase_order_sell_unit_price${value or 0}#{style=number;fill=grey}',
                            'H19': '${value or ""}#{style=text;fill=grey}',
                        }
                    }
                }
            }
        </field>
    </record>

    <function model="xlsx.template" name="load_xlsx_template">
        <value eval="[ref('purchase_order_for_part_report_xlsx_template')]" />
    </function>
</odoo>
